file_name,count
pexels-ron-lach-9586069.jpg,4
pexels-ron-lach-9576739.jpg,4
pexels-ron-lach-9576747.jpg,4
pexels-ron-lach-9576754.jpg,4
pexels-ron-lach-9808169.jpg,4
pexels-ron-lach-9808179.jpg,4
pexels-ron-lach-9808180.jpg,4
pexels-elina-fairytale-3807571.jpg,4
pexels-andrea-piacquadio-3289167.jpg,4
pexels-helena-lopes-4034052.jpg,4
pexels-fauxels-3228730.jpg,4
pexels-athena-3002123.jpg,4
pexels-fauxels-3184310.jpg,4
pexels-ksenia-chernaya-3730976.jpg,4
pexels-fauxels-3228711.jpg,4
pexels-andrea-piacquadio-3777920.jpg,4
pexels-athena-2961965.jpg,4
pexels-andrea-piacquadio-3776833.jpg,4
pexels-karan-singh-2890844.jpg,4
pexels-jan-kroon-1153517.jpg,4
pexels-min-an-986311.jpg,4
pexels-alena-darmel-7176593.jpg,4
pexels-helena-lopes-4034049.jpg,4
pexels-tehmasip-khan-6083919.jpg,4
pexels-karolina-grabowska-7876896.jpg,4
pexels-rodnae-productions-8197337.jpg,4
pexels-kampus-production-7569004.jpg,4
pexels-kampus-production-7568975.jpg,4
pexels-kampus-production-7568964.jpg,4
pexels-kampus-production-7568952.jpg,4
pexels-ivan-samkov-5429004.jpg,4
pexels-cottonbro-6668310.jpg,4
pexels-cottonbro-6552584.jpg,4
pexels-polina-tankilevitch-8602415.jpg,4
pexels-polina-tankilevitch-8602417.jpg,4
pexels-any-lane-5727916.jpg,4
pexels-pavel-danilyuk-7594351.jpg,4
pexels-cottonbro-10132555.jpg,4
pexels-ivan-samkov-7922179.jpg,4
pexels-cottonbro-10675917.jpg,4
pexels-thirdman-5257194.jpg,4
pexels-yan-krukov-7794041.jpg,4
pexels-yan-krukov-7794006.jpg,4
pexels-koolshooters-8971053.jpg,4
pexels-kampus-production-7799613.jpg,4
pexels-kampus-production-7799552.jpg,4
pexels-yan-krukov-7794049.jpg,4
pexels-yan-krukov-7794042.jpg,4
pexels-kampus-production-7895731.jpg,4
pexels-darlene-alderson-7016428.jpg,4
pexels-ron-lach-8275698.jpg,4
pexels-ron-lach-8275685.jpg,4
pexels-ron-lach-8275017.jpg,4
pexels-kindel-media-6775116.jpg,4
pexels-kindel-media-6773497.jpg,4
pexels-kindel-media-6773501.jpg,4
pexels-rfstudio-3810788.jpg,4
pexels-rfstudio-3810795.jpg,4
pexels-paul-efe-763934.jpg,4
pexels-rfstudio-3810756.jpg,4
pexels-cottonbro-10130516.jpg,4
pexels-hong-son-10423538.jpg,4
pexels-cottonbro-5801332.jpg,4
pexels-vanessa-loring-5082865.jpg,4
pexels-august-de-richelieu-4259204.jpg,4
pexels-august-de-richelieu-4259198.jpg,4
pexels-august-de-richelieu-4259140.jpg,4
pexels-keira-burton-6624256.jpg,4
pexels-keira-burton-6624356.jpg,4
pexels-ron-lach-9210466.jpg,4
pexels-zaid-ali-6514796.jpg,4
pexels-elina-fairytale-4543633.jpg,4
pexels-serge-degtyarev-6687998.jpg,4
pexels-cottonbro-5529919.jpg,4
pexels-askar-abayev-5638614.jpg,4
pexels-archie-binamira-754769.jpg,4
pexels-andrea-piacquadio-3776844.jpg,4
pexels-cottonbro-5158464.jpg,4
pexels-rodnae-productions-5593100.jpg,4
pexels-mahmood-sufiyan-1423413.jpg,4
pexels-victoria-borodinova-1648395.jpg,4
pexels-ron-lach-9210496.jpg,4
pexels-cottonbro-6552591.jpg,4
pexels-cottonbro-6667302.jpg,4
pexels-vanessa-loring-7869081.jpg,4
pexels-cottonbro-7438103.jpg,4
pexels-mart-production-7550583.jpg,4
pexels-edmond-dantès-8070690.jpg,4
pexels-kampus-production-8190802.jpg,4
pexels-cottonbro-7437497.jpg,4
pexels-cottonbro-7439129.jpg,4
pexels-kampus-production-6763707.jpg,4
pexels-tima-miroshnichenko-6078306.jpg,4
pexels-tima-miroshnichenko-6078311.jpg,4
pexels-pavel-danilyuk-7594262.jpg,4
pexels-pavel-danilyuk-7594305.jpg,4
pexels-pavel-danilyuk-7594357.jpg,4
pexels-pavel-danilyuk-7594405.jpg,4
pexels-pavel-danilyuk-7594413.jpg,4
pexels-kampus-production-6763765.jpg,4
pexels-yulia-goncharuk-10110628.jpg,5
pexels-wayne-fotografias-9879936.jpg,5
pexels-afta-putta-gunawan-1036804.jpg,5
pexels-athena-2962239.jpg,5
pexels-picha-stock-3869651.jpg,5
pexels-jopwell-2422290.jpg,5
pexels-elevate-1267697.jpg,4
pexels-helena-lopes-708440.jpg,4
pexels-sharefaith-1231230.jpg,4
pexels-jopwell-2422294.jpg,4
pexels-tiger-lily-7109063.jpg,5
pexels-tima-miroshnichenko-5685766.jpg,4
pexels-cottonbro-7439769.jpg,4
pexels-consoler-creative-11139374.jpg,5
pexels-rodnae-productions-5922074.jpg,4
pexels-kampus-production-8957661.jpg,5
pexels-edmond-dantès-8553867.jpg,4
pexels-vanessa-loring-5082949.jpg,4
pexels-vlada-karpovich-7433918.jpg,5
pexels-tima-miroshnichenko-5804893.jpg,5
pexels-cottonbro-6185568.jpg,4
pexels-tima-miroshnichenko-5804889.jpg,5
pexels-rodnae-productions-7889238.jpg,5
pexels-cottonbro-9291042.jpg,5
pexels-cottonbro-10329041.jpg,5
pexels-cottonbro-10211558.jpg,5
pexels-cottonbro-10329053.jpg,5
pexels-ron-lach-9810379.jpg,4
pexels-edmond-dantès-8556401.jpg,4
pexels-edmond-dantès-8550844.jpg,4
pexels-edmond-dantès-8556687.jpg,4
pexels-alena-darmel-8134103.jpg,5
pexels-ketut-subiyanto-5054648.jpg,4
pexels-ketut-subiyanto-5054644.jpg,4
pexels-vanessa-loring-5082872.jpg,5
pexels-august-de-richelieu-4259138.jpg,4
pexels-quang-nguyen-vinh-2161298.jpg,4
pexels-samer-daboul-2105199.jpg,4
pexels-askar-abayev-5638417.jpg,5
pexels-tima-miroshnichenko-5711249.jpg,5
pexels-tima-miroshnichenko-6253683.jpg,4
pexels-tima-miroshnichenko-6253710.jpg,4
pexels-tima-miroshnichenko-6253675.jpg,4
pexels-andrea-piacquadio-3753009.jpg,5
pexels-rodnae-productions-6257640.jpg,4
pexels-pavel-danilyuk-6340687.jpg,5
pexels-cottonbro-6764631.jpg,5
pexels-cottonbro-6878694.jpg,4
pexels-anna-tarazevich-6937472.jpg,5
pexels-cottonbro-7396514.jpg,5
pexels-tima-miroshnichenko-7202812.jpg,4
pexels-alena-darmel-7642204.jpg,5
pexels-yan-krukov-7792803.jpg,5
pexels-yan-krukov-7793725.jpg,5
pexels-karolina-grabowska-7875895.jpg,5
pexels-thirdman-7652040.jpg,4
pexels-thirdman-7652394.jpg,4
pexels-vlada-karpovich-7561070.jpg,5
pexels-rodnae-productions-6646944.jpg,4
pexels-pavel-danilyuk-7658241.jpg,4
pexels-pavel-danilyuk-7658254.jpg,4
pexels-cottonbro-6719069.jpg,5
pexels-yan-krukov-7793115.jpg,5
pexels-ron-lach-8570890.jpg,5
pexels-ron-lach-8570893.jpg,4
pexels-ron-lach-8590970.jpg,5
pexels-julia-m-cameron-8841114.jpg,4
pexels-ron-lach-8590237.jpg,5
pexels-rodnae-productions-7915575.jpg,4
pexels-rodnae-productions-7915392.jpg,5
pexels-rodnae-productions-7915384.jpg,4
pexels-rodnae-productions-7915385.jpg,5
pexels-rodnae-productions-7915388.jpg,5
pexels-pavel-danilyuk-7317873.jpg,5
pexels-pavel-danilyuk-7317923.jpg,5
pexels-pavel-danilyuk-7317939.jpg,4
pexels-pavel-danilyuk-7317942.jpg,4
pexels-pavel-danilyuk-7317761.jpg,4
pexels-emma-bauso-2253879.jpg,4
pexels-vidal-balielo-jr-1682497.jpg,4
pexels-victoria-borodinova-1648387.jpg,4
pexels-pixabay-160994.jpg,5
pexels-migs-reyes-4205505.jpg,5
pexels-yulianto-poitier-1231365.jpg,4
pexels-victoria-borodinova-1619755.jpg,4
pexels-samer-daboul-1815257.jpg,4
pexels-dominique-roellinger-2586344.jpg,4
pexels-elina-fairytale-3807188.jpg,4
pexels-joellen-moths-3372783.jpg,4
pexels-rebrand-cities-1367274.jpg,5
pexels-fauxels-3184296.jpg,5
pexels-canva-studio-3153201.jpg,5
pexels-rfstudio-3811082.jpg,5
pexels-anna-shvets-5324941.jpg,4
pexels-fauxels-3184327.jpg,4
pexels-canva-studio-3277808.jpg,4
pexels-canva-studio-3153207.jpg,4
pexels-mart-production-7643758.jpg,4
pexels-rfstudio-3810753.jpg,5
pexels-rodnae-productions-7551442.jpg,4
pexels-kindel-media-7688336.jpg,5
pexels-ivan-samkov-5676744.jpg,5
pexels-mart-production-7550398.jpg,4
pexels-tiger-lily-7109175.jpg,4
pexels-kindel-media-7688164.jpg,5
pexels-andrea-piacquadio-3863830.jpg,5
pexels-christina-morillo-1181611.jpg,5
pexels-fauxels-3182765.jpg,5
pexels-antoni-shkraba-production-8278898.jpg,5
pexels-kindel-media-7651653.jpg,4
pexels-andrea-piacquadio-3931511.jpg,5
pexels-fauxels-3182827.jpg,4
pexels-kindel-media-7651717.jpg,4
pexels-thirdman-7651932.jpg,4
pexels-mart-production-7643872.jpg,4
pexels-thirdman-7652391.jpg,4
pexels-thirdman-7652376.jpg,4
pexels-mart-production-7643900.jpg,4
pexels-mart-production-7644149.jpg,4
pexels-mart-production-7643897.jpg,4
pexels-yan-krukov-7640824.jpg,5
pexels-mart-production-7643756.jpg,4
pexels-yan-krukov-7640741.jpg,5
pexels-pavel-danilyuk-7674584.jpg,4
pexels-pavel-danilyuk-8424530.jpg,4
pexels-pavel-danilyuk-8424528.jpg,4
pexels-pavel-danilyuk-8424573.jpg,4
pexels-pavel-danilyuk-8424557.jpg,4
pexels-pavel-danilyuk-8424584.jpg,4
pexels-thirdman-7652256.jpg,4
pexels-mart-production-7550303.jpg,4
pexels-mart-production-7550312.jpg,4
pexels-andrea-piacquadio-3863773.jpg,5
pexels-andrea-piacquadio-3863787.jpg,5
pexels-fauxels-3182763.jpg,4
pexels-artem-podrez-8518729.jpg,4
pexels-cottonbro-7437100.jpg,5
pexels-andrea-piacquadio-3777727.jpg,4
pexels-rfstudio-3810832.jpg,5
pexels-kampus-production-5935235.jpg,4
pexels-kampus-production-5935240.jpg,4
pexels-kampus-production-5935227.jpg,4
pexels-kampus-production-5940841.jpg,5
pexels-kampus-production-5940837.jpg,5
pexels-kampus-production-5940839.jpg,4
pexels-hai-nguyen-1699414.jpg,4
pexels-rodnae-productions-7683694.jpg,4
pexels-kampus-production-5940842.jpg,5
pexels-helena-lopes-745045.jpg,4
pexels-agung-pandit-wiguna-3401403.jpg,5
pexels-kat-wilcox-923657.jpg,4
pexels-周-康-710743.jpg,4
pexels-brett-sayles-1000754.jpg,4
pexels-august-de-richelieu-4427811.jpg,5
pexels-rodnae-productions-6692115.jpg,4
pexels-ron-lach-9811663.jpg,4
pexels-mäňøj-güřjäŕ-3304374.jpg,4
pexels-cottonbro-5044962.jpg,4
pexels-ron-lach-9809808.jpg,5
pexels-ron-lach-8921557.jpg,4
pexels-rodnae-productions-6518909.jpg,4
pexels-rfstudio-3811108.jpg,5
pexels-cottonbro-6955651.jpg,5
pexels-cottonbro-6955659.jpg,5
pexels-kampus-production-7895738.jpg,5
pexels-kampus-production-7895732.jpg,5
pexels-helena-lopes-708392.jpg,4
pexels-kampus-production-8623945.jpg,5
pexels-kampus-production-8623393.jpg,5
pexels-abi-greer-5662643.jpg,4
pexels-cottonbro-6954047.jpg,4
pexels-cottonbro-10400967.jpg,5
pexels-mikhail-nilov-7988657.jpg,4
pexels-andrea-piacquadio-3931634.jpg,4
pexels-karolina-grabowska-8555170.jpg,4
pexels-theo-decker-5945806.jpg,4
pexels-fauxels-3182812.jpg,5
pexels-fauxels-3182739.jpg,5
pexels-fauxels-3182814.jpg,5
pexels-helena-lopes-1015568.jpg,5
pexels-fauxels-3184419.jpg,5
pexels-fauxels-3182750.jpg,5
pexels-andrea-piacquadio-3860648.jpg,5
pexels-norma-mortenson-8456132.jpg,5
pexels-tima-miroshnichenko-5560385.jpg,5
pexels-cottonbro-9943058.jpg,5
pexels-cottonbro-9943242.jpg,5
pexels-cottonbro-9943065.jpg,5
pexels-mikhail-nilov-8730275.jpg,5
pexels-mikhail-nilov-8730276.jpg,5
pexels-mikhail-nilov-8730280.jpg,5
pexels-kampus-production-8790838.jpg,5
pexels-alena-darmel-8134109.jpg,5
pexels-yan-krukov-8818585.jpg,5
pexels-kampus-production-7893795.jpg,5
pexels-cottonbro-5329446.jpg,5
pexels-pavel-danilyuk-7869014.jpg,5
pexels-cottonbro-5319371.jpg,5
pexels-cottonbro-5319395.jpg,5
pexels-nicole-michalou-5779176.jpg,5
pexels-nicole-michalou-5764904.jpg,5
pexels-nicole-michalou-5764894.jpg,5
pexels-kindel-media-7148671.jpg,5
pexels-kindel-media-7148972.jpg,5
pexels-alena-darmel-7176471.jpg,5
pexels-rfstudio-3811977.jpg,5
pexels-anna-shvets-4672434.jpg,5
pexels-rodnae-productions-6518880.jpg,5
pexels-rodnae-productions-6518873.jpg,5
pexels-rodnae-productions-7683728.jpg,5
pexels-yan-krukov-7640784.jpg,3
pexels-yan-krukov-7640451.jpg,5
pexels-andrea-piacquadio-3866626.jpg,5
pexels-cottonbro-7437489.jpg,5
pexels-yan-krukov-7693751.jpg,3
pexels-yan-krukov-7693737.jpg,3
pexels-ron-lach-9807592.jpg,3
pexels-ron-lach-9807598.jpg,3
pexels-ketut-subiyanto-4473314.jpg,3
pexels-christina-morillo-1181415.jpg,3
pexels-robert-stokoe-1421784.jpg,3
pexels-cottonbro-3201718.jpg,3
pexels-andrea-piacquadio-3820132.jpg,3
pexels-slaytina-2725465.jpg,3
pexels-cleyder-duque-3633680.jpg,3
pexels-august-de-richelieu-4261792.jpg,3
pexels-chattrapal-(shitij)-singh-2989634.jpg,3
pexels-pnw-production-8276142.jpg,3
pexels-anna-shvets-3771604.jpg,3
pexels-desmond-gatimu-1365447.jpg,3
pexels-aadil-2598008.jpg,3
pexels-mikhail-nilov-8390641.jpg,3
pexels-nika-zhorzholiani-3775265.jpg,3
pexels-brett-sayles-2480122.jpg,3
pexels-pavel-danilyuk-7937321.jpg,3
pexels-mariechristelle-attila-10936606.jpg,3
pexels-cxpturing-souls-3054865.jpg,3
pexels-cxpturing-souls-3054867.jpg,3
pexels-ron-lach-10138970.jpg,3
pexels-moon-chahcha-2415431.jpg,3
pexels-leon-ardho-1552245.jpg,3
pexels-athena-2962121.jpg,3
pexels-elevate-3009791.jpg,3
pexels-darya-sannikova-2927570.jpg,3
pexels-sippakorn-yamkasikorn-3566880.jpg,3
pexels-brett-jordan-3859002.jpg,3
pexels-harsh-kushwaha-1676016.jpg,3
pexels-athena-2962107.jpg,3
pexels-vincent-tan-1121170.jpg,3
pexels-zorro-zombie-1250328.jpg,3
pexels-carmen-attal-2858529.jpg,3
pexels-antonius-ferret-5253921.jpg,3
pexels-andrea-piacquadio-3937181.jpg,3
pexels-andrea-piacquadio-3937208.jpg,3
pexels-antoni-shkraba-6609460.jpg,3
pexels-kampus-production-7568909.jpg,3
pexels-cottonbro-8261818.jpg,3
pexels-cottonbro-8261590.jpg,3
pexels-pavel-danilyuk-7234455.jpg,3
pexels-pavel-danilyuk-7234412.jpg,3
pexels-rebrand-cities-1367276.jpg,5
pexels-rebrand-cities-1367271.jpg,5
pexels-andrea-piacquadio-3893054.jpg,3
pexels-cottonbro-7438102.jpg,5
pexels-christina-morillo-1181625.jpg,3
pexels-yaroslav-shuraev-7634783.jpg,3
pexels-kampus-production-7895773.jpg,3
pexels-kampus-production-7895770.jpg,3
pexels-yan-krukov-7314292.jpg,3
pexels-pavel-danilyuk-6925340.jpg,3
pexels-yaroslav-shuraev-7645787.jpg,3
pexels-pavel-danilyuk-6925336.jpg,3
pexels-cottonbro-10610379.jpg,3
pexels-cottonbro-10610410.jpg,3
pexels-cottonbro-10610371.jpg,3
pexels-cottonbro-10609760.jpg,3
pexels-cottonbro-10609778.jpg,3
pexels-cottonbro-10609769.jpg,3
pexels-buro-millennial-1438072.jpg,3
pexels-jopwell-2422288.jpg,3
pexels-andrea-piacquadio-2672979.jpg,5
pexels-cottonbro-3419673.jpg,5
pexels-helena-lopes-1049317.jpg,3
pexels-julia-m-cameron-6995237.jpg,5
pexels-denys-gromov-6427693.jpg,5
pexels-rodnae-productions-7348854.jpg,5
pexels-maksim-goncharenok-4348807.jpg,3
pexels-maksim-goncharenok-4348805.jpg,3
pexels-andrea-piacquadio-3937239.jpg,3
pexels-rodnae-productions-7414038.jpg,3
pexels-kampus-production-8623402.jpg,5
pexels-mikhail-nilov-7886787.jpg,3
pexels-mikhail-nilov-8872196.jpg,3
pexels-tima-miroshnichenko-5805091.jpg,5
pexels-tima-miroshnichenko-5805086.jpg,5
pexels-tima-miroshnichenko-5805266.jpg,3
pexels-tima-miroshnichenko-5805085.jpg,5
pexels-werner-pfennig-6482296.jpg,3
pexels-cedric-fauntleroy-7221276.jpg,5
pexels-cowomen-2041390.jpg,3
pexels-caio-1038258.jpg,5
pexels-tim-mossholder-3063478.jpg,5
pexels-andrea-piacquadio-3795298.jpg,3
pexels-elina-sazonova-4555327.jpg,3
pexels-andrea-piacquadio-3865555.jpg,5
pexels-andrea-piacquadio-3931556.jpg,5
pexels-andrea-piacquadio-3868650.jpg,5
pexels-sora-shimazaki-5668465.jpg,3
pexels-sora-shimazaki-5668453.jpg,3
pexels-sora-shimazaki-5668459.jpg,3
pexels-sora-shimazaki-5668461.jpg,3
pexels-asad-photo-maldives-4884262.jpg,3
pexels-asad-photo-maldives-4884256.jpg,3
pexels-asad-photo-maldives-4884250.jpg,3
pexels-asad-photo-maldives-4884255.jpg,3
pexels-fauxels-3182779.jpg,5
pexels-picha-stock-3894383.jpg,3
pexels-olia-danilevich-5713612.jpg,3
pexels-mikhail-nilov-7821365.jpg,3
pexels-mikhail-nilov-7821354.jpg,3
pexels-yan-krukov-7794013.jpg,3
pexels-mart-production-8121879.jpg,3
pexels-tiger-lily-4481259.jpg,3
pexels-tiger-lily-4481534.jpg,3
pexels-mart-production-8121978.jpg,3
pexels-mart-production-8121980.jpg,3
pexels-elevate-1267244.jpg,3
pexels-elevate-3009755.jpg,3
pexels-julie-aagaard-1374122.jpg,3
pexels-craig-adderley-1582492.jpg,3
pexels-ketut-subiyanto-4349933.jpg,3
pexels-alexandr-podvalny-1174179.jpg,5
pexels-ketut-subiyanto-4349931.jpg,3
pexels-ketut-subiyanto-4349930.jpg,3
pexels-yan-krukov-7640471.jpg,3
pexels-yan-krukov-7640443.jpg,3
pexels-tima-miroshnichenko-5439160.jpg,3
pexels-tima-miroshnichenko-5439166.jpg,3
pexels-tima-miroshnichenko-5439162.jpg,3
pexels-mikhail-nilov-7988689.jpg,3
pexels-thirdman-5684444.jpg,3
pexels-thirdman-5684642.jpg,3
pexels-cottonbro-7428212.jpg,3
pexels-thirdman-5684450.jpg,3
pexels-thirdman-5684644.jpg,3
pexels-thirdman-5684446.jpg,3
pexels-thirdman-5684558.jpg,3
pexels-keira-burton-6147132.jpg,3
pexels-keira-burton-6147113.jpg,3
pexels-keira-burton-6147115.jpg,3
pexels-antoni-shkraba-production-8278837.jpg,3
pexels-pnw-production-8276636.jpg,3
pexels-pnw-production-8276185.jpg,3
pexels-pnw-production-8276136.jpg,3
pexels-rodnae-productions-6129436.jpg,3
pexels-antoni-shkraba-7144187.jpg,3
pexels-rodnae-productions-8126170.jpg,3
pexels-tima-miroshnichenko-6914352.jpg,3
pexels-yaroslav-shuraev-5604923.jpg,3
pexels-thirdman-7659570.jpg,3
pexels-shvets-production-7176174.jpg,3
pexels-george-pak-7972677.jpg,3
pexels-george-pak-7972534.jpg,3
pexels-george-pak-7972721.jpg,3
pexels-pnw-production-8276672.jpg,3
pexels-ron-lach-10484689.jpg,5
pexels-ron-lach-10484678.jpg,3
pexels-ron-lach-10484479.jpg,5
pexels-zaid-isaac-10044882.jpg,5
pexels-cottonbro-4835467.jpg,3
pexels-cottonbro-6686138.jpg,3
pexels-tim-douglas-6205538.jpg,3
pexels-tim-douglas-6205494.jpg,3
pexels-ketut-subiyanto-4350061.jpg,3
pexels-ketut-subiyanto-4350093.jpg,3
pexels-ketut-subiyanto-4350065.jpg,3
pexels-andrea-piacquadio-3932238.jpg,3
pexels-tima-miroshnichenko-6826770.jpg,3
pexels-pnw-production-8980717.jpg,3
pexels-anastasia-shuraeva-9517924.jpg,3
pexels-ron-lach-9808176.jpg,5
pexels-ron-lach-9808174.jpg,5
pexels-cottonbro-5998824.jpg,3
pexels-cottonbro-5999069.jpg,3
pexels-pnw-production-7577241.jpg,3
pexels-pnw-production-7577229.jpg,3
pexels-pnw-production-7577196.jpg,3
pexels-pavel-danilyuk-7317888.jpg,3
pexels-kampus-production-7854103.jpg,3
pexels-alexander-suhorucov-6457579.jpg,3
pexels-tiger-lily-7109061.jpg,3
pexels-tima-miroshnichenko-6913191.jpg,3
pexels-cottonbro-8453804.jpg,3
pexels-theo-decker-5954519.jpg,3
pexels-kindel-media-6774956.jpg,5
pexels-ivan-samkov-5676662.jpg,3
pexels-alexander-suhorucov-6457567.jpg,3
pexels-andrea-piacquadio-3866284.jpg,3
pexels-pavel-danilyuk-7674606.jpg,3
pexels-thirdman-7652183.jpg,3
pexels-ron-lach-9807599.jpg,3
pexels-cottonbro-5920974.jpg,3
pexels-anna-pou-9345636.jpg,3
pexels-mikhail-nilov-7734590.jpg,3
pexels-mikhail-nilov-7734575.jpg,3
pexels-mart-production-7709179.jpg,3
pexels-felicity-tai-7964481.jpg,3
pexels-cottonbro-7610404.jpg,3
pexels-kampus-production-8353819.jpg,3
pexels-darlene-alderson-7971196.jpg,3
pexels-pavel-danilyuk-8424570.jpg,3
pexels-vlada-karpovich-8367773.jpg,3
pexels-kampus-production-8353824.jpg,3
pexels-darlene-alderson-7971198.jpg,3
pexels-yan-krukov-7793926.jpg,3
pexels-yan-krukov-7794035.jpg,5
pexels-yan-krukov-7793664.jpg,3
pexels-yan-krukov-7793641.jpg,3
pexels-edmond-dantès-7103149.jpg,3
pexels-edmond-dantès-7103146.jpg,3
pexels-tima-miroshnichenko-5804990.jpg,5
pexels-gustavo-fring-5622554.jpg,3
pexels-gustavo-fring-5622562.jpg,3
pexels-shvets-production-9775849.jpg,3
pexels-shvets-production-9775856.jpg,3
pexels-yan-krukov-7691705.jpg,3
pexels-migs-reyes-8662854.jpg,3
pexels-yaroslav-shuraev-8087548.jpg,3
pexels-yaroslav-shuraev-8087153.jpg,3
pexels-danik-prihodko-7658703.jpg,3
pexels-danik-prihodko-7658675.jpg,3
pexels-koolshooters-8530571.jpg,3
pexels-loyale-soul-5652454.jpg,3
pexels-rodrigo-feksa-5689009.jpg,3
pexels-rodrigo-feksa-5689010.jpg,3
pexels-jessica-ticozzelli-4342429.jpg,3
pexels-yaroslav-shuraev-8086978.jpg,3
pexels-cottonbro-7207547.jpg,5
pexels-cottonbro-7207562.jpg,5
pexels-pavel-danilyuk-8423418.jpg,3
pexels-katerina-holmes-5905440.jpg,3
pexels-pnw-production-8979888.jpg,3
pexels-kevin-malik-8762245.jpg,3
pexels-thirdman-8926887.jpg,5
pexels-vlada-karpovich-7099949.jpg,5
pexels-kampus-production-6299263.jpg,5
pexels-rodnae-productions-8363052.jpg,5
pexels-tima-miroshnichenko-5804904.jpg,5
pexels-anil-sharma-10854321.jpg,5
pexels-tima-miroshnichenko-5804905.jpg,5
tim-mossholder-hOF1bWoet_Q-unsplash.jpg,5
naassom-azevedo-Q_Sei-TqSlc-unsplash.jpg,5
naassom-azevedo-AcWC8WuCQ_k-unsplash.jpg,5
eliott-reyna-jCEpN62oWL4-unsplash.jpg,5
museums-victoria-oTJTIzh9k38-unsplash.jpg,5
abby-ar-KDQG9aWFUcA-unsplash.jpg,5
abby-ar-FWUaY5a5pFc-unsplash.jpg,5
leighann-blackwood-hx87JWG4yCI-unsplash.jpg,5
eliott-reyna-axTm0ee3YP4-unsplash.jpg,5
siddhant-soni-CvqCzwVOhCM-unsplash.jpg,5
loren-joseph-XoBWUBA3Amg-unsplash.jpg,5
pexels-werner-pfennig-6949496.jpg,5
pexels-kindel-media-7688161.jpg,5
dr-josiah-sarpong-gwCpqTiLHlc-unsplash.jpg,5
pexels-tima-miroshnichenko-6914348.jpg,5
pexels-tima-miroshnichenko-6914418.jpg,5
pexels-tima-miroshnichenko-6914429.jpg,5
pexels-kindel-media-7688162.jpg,5
pexels-kampus-production-5940838.jpg,5
pexels-fauxels-3182743.jpg,5
pexels-tima-miroshnichenko-5686082.jpg,5
pexels-yan-krukov-7793247.jpg,5
pexels-pavel-danilyuk-7869017.jpg,5
dani-arboleda-zp13ev-dyJo-unsplash.jpg,5
dani-arboleda-IVI5XKRUaxM-unsplash.jpg,5
pexels-tima-miroshnichenko-6914421.jpg,5
pexels-tima-miroshnichenko-5686103.jpg,5
pexels-tima-miroshnichenko-5686105.jpg,5
pexels-pavel-danilyuk-7802630.jpg,5
pexels-monstera-9432959.jpg,5
pexels-monstera-9433163.jpg,5
pexels-tima-miroshnichenko-5686114.jpg,5
pexels-mikhail-nilov-9543814.jpg,5
pexels-mikhail-nilov-9543840.jpg,5
pexels-cottonbro-3419731.jpg,5
pexels-olia-danilevich-5911445.jpg,5
pexels-olia-danilevich-5911448.jpg,5
pexels-monstera-9433334.jpg,5
pexels-gustavo-fring-7155989.jpg,5
pexels-gustavo-fring-7155982.jpg,5
pexels-denys-gromov-6427710.jpg,5
pexels-anna-shvets-5325835.jpg,5
pexels-kampus-production-5935216.jpg,5
pexels-melike-benli-9041811.jpg,5
pexels-kampus-production-6950675.jpg,5
pexels-rodnae-productions-7580814.jpg,5
pexels-rodnae-productions-7551403.jpg,5
pexels-rodnae-productions-7551232.jpg,5
pexels-sadock-kaisi-9287491.jpg,5
pexels-alena-darmel-7862387.jpg,5
pexels-ron-lach-9999332.jpg,2
pexels-cottonbro-4694517.jpg,2
pexels-cottonbro-4694513.jpg,2
pexels-cottonbro-4787617.jpg,2
pexels-cottonbro-4787607.jpg,2
pexels-cottonbro-4769687.jpg,2
pexels-cottonbro-4910355.jpg,2
pexels-cottonbro-4911054.jpg,2
pexels-cottonbro-4910956.jpg,2
pexels-ron-lach-9586529.jpg,2
pexels-andrea-piacquadio-3776835.jpg,2
pexels-andrea-piacquadio-3776874.jpg,2
pexels-andrea-piacquadio-3776830.jpg,2
pexels-marcus-aurelius-6788010.jpg,2
pexels-pnw-production-7625141.jpg,2
pexels-mikhail-nilov-6707484.jpg,2
pexels-gianne-karla-tolentino-58592.jpg,2
pexels-brett-sayles-1587510.jpg,2
pexels-ketut-subiyanto-4657939.jpg,2
pexels-ketut-subiyanto-4746777.jpg,2
pexels-kampus-production-7964683.jpg,2
pexels-christina-morillo-1181719.jpg,2
pexels-cottonbro-6187998.jpg,2
pexels-cottonbro-6187662.jpg,2
pexels-yuri-manei-2597365.jpg,2
pexels-ivan-samkov-7212920.jpg,2
pexels-nicolas-postiglioni-919374.jpg,2
pexels-yelena-odintsova-5231559.jpg,2
pexels-evg-kowalievska-1158670.jpg,2
pexels-tirachard-kumtanom-601170.jpg,2
pexels-елизавета-борзилова-9938629.jpg,2
pexels-saban-cifcibasi-9959085.jpg,2
pexels-ron-lach-9518015.jpg,2
pexels-ron-lach-9518029.jpg,2
pexels-anna-pou-9345616.jpg,2
pexels-anna-pou-9345689.jpg,2
pexels-mart-production-7640973.jpg,2
pexels-mart-production-7640983.jpg,2
pexels-elijah-o'donnell-2409681.jpg,2
pexels-mikhail-nilov-7530829.jpg,2
pexels-tristan-le-1653898.jpg,2
pexels-matheus-bertelli-1881091.jpg,2
pexels-rodnae-productions-5637584.jpg,2
pexels-pixabay-34761.jpg,2
pexels-rodnae-productions-5637808.jpg,2
pexels-rodnae-productions-5637564.jpg,2
pexels-mart-production-7330921.jpg,2
pexels-tima-miroshnichenko-5699397.jpg,2
pexels-mart-production-7330764.jpg,2
pexels-mart-production-7330149.jpg,2
pexels-mikhail-nilov-7500699.jpg,2
pexels-anastasia-shuraeva-5704863.jpg,2
pexels-mikhail-nilov-6931341.jpg,2
pexels-august-de-richelieu-4427886.jpg,2
pexels-august-de-richelieu-4427882.jpg,2
pexels-august-de-richelieu-4427880.jpg,2
pexels-cottonbro-5026423.jpg,2
pexels-cottonbro-5026424.jpg,2
pexels-mikhail-nilov-7500665.jpg,2
pexels-yan-krukov-6815669.jpg,2
pexels-cottonbro-7564869.jpg,2
pexels-artem-podrez-7773379.jpg,2
pexels-artem-podrez-7773396.jpg,2
pexels-artem-podrez-7773536.jpg,2
pexels-tima-miroshnichenko-5698363.jpg,2
pexels-ron-lach-10341121.jpg,2
pexels-cedric-fauntleroy-8154228.jpg,2
pexels-mikhail-nilov-8939110.jpg,2
pexels-mikhail-nilov-8939096.jpg,2
pexels-ron-lach-10341095.jpg,2
pexels-cedric-fauntleroy-8154762.jpg,2
pexels-mikhail-nilov-8938357.jpg,2
pexels-rodnae-productions-7841501.jpg,2
pexels-rodnae-productions-7841475.jpg,2
pexels-pavel-danilyuk-8152730.jpg,2
pexels-pavel-danilyuk-8112000.jpg,2
pexels-ron-lach-10347167.jpg,2
pexels-mikhail-nilov-8101504.jpg,2
pexels-mikhail-nilov-8101502.jpg,2
pexels-antoni-shkraba-production-8278850.jpg,2
pexels-thirdman-7180489.jpg,2
pexels-mart-production-7709121.jpg,2
pexels-mart-production-7709122.jpg,2
pexels-alphatradezone-5833307.jpg,2
pexels-alphatradezone-5833322.jpg,2
pexels-rodnae-productions-8292808.jpg,2
pexels-rodnae-productions-8292816.jpg,2
pexels-kindel-media-7578899.jpg,2
pexels-alena-darmel-7710085.jpg,2
pexels-alena-darmel-7710085.jpg,2
pexels-theo-decker-5946223.jpg,2
pexels-theo-decker-5946215.jpg,2
pexels-theo-decker-5945801.jpg,2
pexels-gustavo-fring-5622290.jpg,2
pexels-gustavo-fring-4173199.jpg,2
pexels-gustavo-fring-4173190.jpg,2
pexels-gustavo-fring-4173189.jpg,2
pexels-antoni-shkraba-7144235.jpg,2
pexels-mikhail-nilov-6931051.jpg,2
pexels-marcus-aurelius-4063788.jpg,2
pexels-anastasia-shuraeva-5704398.jpg,2
pexels-anastasia-shuraeva-5704408.jpg,2
pexels-mart-production-7330157.jpg,2
pexels-cottonbro-5079130.jpg,2
pexels-cottonbro-5079184.jpg,2
pexels-ahevr-566266.jpg,2
pexels-pixabay-163490.jpg,2
pexels-cottonbro-5079267.jpg,2
pexels-cottonbro-5416474.jpg,2
pexels-cottonbro-5026399.jpg,2
pexels-cottonbro-5026465.jpg,2
pexels-cottonbro-5097362.jpg,2
pexels-andrea-piacquadio-3973201.jpg,2
pexels-andrea-piacquadio-3764184.jpg,2
pexels-andrea-piacquadio-3776860.jpg,2
pexels-marcus-aurelius-6787759.jpg,2
pexels-marcus-aurelius-6787711.jpg,2
pexels-marcus-aurelius-6787708.jpg,2
pexels-cottonbro-5118173.jpg,2
pexels-rodnae-productions-6413549.jpg,2
pexels-mikhail-nilov-7500316.jpg,2
pexels-artem-podrez-7504718.jpg,2
pexels-mikhail-nilov-7623819.jpg,2
pexels-barbara-olsen-7880382.jpg,2
pexels-barbara-olsen-7880356.jpg,2
pexels-anastasia-shuraeva-7204144.jpg,2
pexels-gustavo-fring-4149023.jpg,2
pexels-gustavo-fring-4149028.jpg,2
pexels-mikhail-nilov-7530823.jpg,2
pexels-cottonbro-3692872.jpg,2
pexels-helena-lopes-2055225.jpg,2
pexels-sebastian-voortman-3149285.jpg,2
pexels-cottonbro-4972830.jpg,2
pexels-cottonbro-4972840.jpg,2
pexels-ron-lach-9999336.jpg,2
pexels-ron-lach-9808181.jpg,2
pexels-ron-lach-9808171.jpg,2
pexels-ron-lach-9808170.jpg,2
pexels-pavel-danilyuk-8552212.jpg,2
pexels-ron-lach-9999337.jpg,2
pexels-anastasia-shuraeva-4765089.jpg,2
pexels-samson-katt-5225508.jpg,2
pexels-julia-larson-6113554.jpg,2
pexels-julia-larson-6113202.jpg,2
pexels-helena-lopes-4279104.jpg,2
pexels-andrea-piacquadio-3776876.jpg,2
pexels-samson-katt-5225492.jpg,2
pexels-samson-katt-5225089.jpg,2
pexels-cottonbro-4972959.jpg,2
pexels-cottonbro-4972962.jpg,2
pexels-cottonbro-6800137.jpg,2
pexels-cottonbro-6800133.jpg,2
pexels-leah-kelley-341520.jpg,2
pexels-bethany-ferr-5184199.jpg,2
pexels-ketut-subiyanto-4657966.jpg,2
pexels-ketut-subiyanto-4658133.jpg,2
pexels-cottonbro-8640539.jpg,2
pexels-pavel-danilyuk-6712440.jpg,2
pexels-shvets-production-8415993.jpg,2
pexels-gustavo-fring-6284834.jpg,2
pexels-gustavo-fring-6284828.jpg,2
pexels-nataliya-vaitkevich-7488071.jpg,2
pexels-mart-production-7163068.jpg,2
pexels-mart-production-7163061.jpg,2
pexels-mart-production-7163072.jpg,2
pexels-gustavo-fring-6284832.jpg,2
pexels-shvets-production-8415911.jpg,2
pexels-antoni-shkraba-production-8910292.jpg,2
pexels-vlada-karpovich-6947063.jpg,2
pexels-jack-sparrow-4045744.jpg,2
pexels-jack-sparrow-4045421.jpg,2
pexels-jack-sparrow-4045422.jpg,2
pexels-jack-sparrow-4045423.jpg,2
pexels-jack-sparrow-4045745.jpg,2
pexels-cottonbro-6467695.jpg,2
pexels-karolina-grabowska-5473094.jpg,2
pexels-polina-tankilevitch-6030201.jpg,2
pexels-polina-tankilevitch-6030207.jpg,2
pexels-karolina-grabowska-5473092.jpg,2
pexels-karolina-grabowska-5472954.jpg,2
pexels-pavel-danilyuk-7429619.jpg,2
pexels-yan-krukov-5216611.jpg,2
pexels-yan-krukov-5216612.jpg,2
pexels-phát-trần-9951898.jpg,2
pexels-kampus-production-5689785.jpg,2
pexels-mentatdgt-1346197.jpg,2
pexels-ketut-subiyanto-4308105.jpg,2
pexels-gustavo-fring-4148899.jpg,2
pexels-andrea-piacquadio-3967033.jpg,2
pexels-laura-tancredi-7083947.jpg,2
pexels-laura-tancredi-7083951.jpg,2
pexels-sam-lion-5710198.jpg,2
pexels-sora-shimazaki-5668511.jpg,2
pexels-sam-lion-5710202.jpg,2
pexels-sora-shimazaki-5669653.jpg,2
pexels-sora-shimazaki-5668439.jpg,2
pexels-sora-shimazaki-5668430.jpg,2
pexels-anna-shvets-5325104.jpg,2
pexels-anna-shvets-5325094.jpg,2
pexels-andrea-piacquadio-3932231.jpg,2
pexels-justin-shaifer-1222271.jpg,1
pexels-oleg-magni-2764682.jpg,1
pexels-oleg-magni-2764689.jpg,1
pexels-shekhaliya-sagar-2837820.jpg,1
pexels-fourk-design-2798772.jpg,1
pexels-andrea-piacquadio-733872.jpg,1
pexels-arya-reddejavu-2769371.jpg,1
pexels-georgia-maciel-2231627.jpg,1
pexels-nelson-ribeiro-2313635.jpg,1
pexels-genor-chiomento-1805866.jpg,1
pexels-roy-reyna-1926370.jpg,1
pexels-ronailson-santos-2005743.jpg,1
pexels-lucas-da-miranda-2308368.jpg,1
pexels-elisa-guarneros-1550436.jpg,1
pexels-julian-jagtenberg-103123.jpg,1
pexels-gabriela-palai-590029.jpg,1
pexels-andrea-piacquadio-712513.jpg,1
pexels-andrea-piacquadio-3915758.jpg,1
pexels-andrea-piacquadio-3784368.jpg,1
pexels-andrea-piacquadio-834863.jpg,1
pexels-andrea-piacquadio-3781936.jpg,1
pexels-andrea-piacquadio-3782829.jpg,1
pexels-andrea-piacquadio-3782968.jpg,1
pexels-pixabay-372042.jpg,1
pexels-andrea-piacquadio-846741.jpg,1
pexels-andrea-piacquadio-3783125.jpg,1
pexels-andrea-piacquadio-3756688.jpg,1
pexels-ekaterina-bolovtsova-4048596.jpg,1
pexels-andrea-piacquadio-3755824.jpg,1
pexels-godisable-jacob-871495.jpg,1
pexels-cleyder-duque-3690933.jpg,1
pexels-ali-pazani-2772098.jpg,1
pexels-rene-asmussen-629922.jpg,1
pexels-marcelo-chagas-2598179.jpg,1
pexels-burst-374044.jpg,1
pexels-shvets-production-8415933.jpg,1
pexels-shvets-production-8415926.jpg,1
pexels-shvets-production-8415451.jpg,1
pexels-harrison-fitts-9714926.jpg,1
pexels-boris-hamer-11199119.jpg,1
pexels-william-mcallister-3793366.jpg,1
pexels-felicity-tai-7966413.jpg,1
pexels-gustavo-fring-7447284.jpg,1
pexels-cottonbro-5891023.jpg,1
pexels-antoni-shkraba-5890697.jpg,1
pexels-pnw-production-9219020.jpg,1
pexels-rodnae-productions-4910231.jpg,1
pexels-rodnae-productions-4911181.jpg,1
pexels-rodnae-productions-8217762.jpg,1
pexels-rodnae-productions-8217835.jpg,1
pexels-rodnae-productions-8217706.jpg,1
pexels-rodnae-productions-8217866.jpg,1
pexels-shvets-production-8415586.jpg,1
pexels-rheyan-glenn-dela-cruz-manggob-8524328.jpg,1
pexels-quang-nguyen-vinh-2155493.jpg,1
pexels-mohan-nannapaneni-5940089.jpg,1
pexels-yogendra-singh-731504.jpg,1
pexels-andrea-piacquadio-3781934.jpg,1
pexels-andrea-piacquadio-774095.jpg,1
pexels-andrea-piacquadio-943103.jpg,1
pexels-tuấn-kiệt-jr-3262914.jpg,1
pexels-meijii-1464175.jpg,1
pexels-min-an-1066137.jpg,1
pexels-tirachard-kumtanom-347134.jpg,1
pexels-picography-3114.jpg,1
pexels-blue-bird-7243189.jpg,1
pexels-leandro-boogalu-1390403.jpg,1
pexels-kampus-production-5904848.jpg,1
pexels-kampus-production-5904853.jpg,1
pexels-julia-larson-6456131.jpg,1
pexels-julia-larson-6456133.jpg,1
pexels-centre-for-ageing-better-11284054.jpg,1
pexels-evg-kowalievska-1231062.jpg,1
pexels-godisable-jacob-932400.jpg,1
pexels-junior-aklei-chaky-3307279.jpg,1
pexels-mikhail-nilov-8350769.jpg,1
pexels-mikhail-nilov-8350793.jpg,1
pexels-mikhail-nilov-8350896.jpg,1
pexels-nubia-navarro-(nubikini)-1292471.jpg,1
pexels-andrea-piacquadio-840996.jpg,1
pexels-startup-stock-photos-7363.jpg,1
pexels-burst-374897.jpg,1
pexels-buro-millennial-1438073.jpg,1
pexels-buro-millennial-1438075.jpg,1
pexels-marcus-aurelius-4063862.jpg,1
pexels-karolina-grabowska-8530795.jpg,1
pexels-karolina-grabowska-8531199.jpg,1
pexels-andrea-piacquadio-927022.jpg,1
pexels-the-coach-space-2977544.jpg,1
pexels-gustavo-fring-4017429.jpg,1
pexels-vlada-karpovich-4050469.jpg,1
pexels-ekaterina-bolovtsova-4048772.jpg,1
pexels-ekaterina-bolovtsova-4047811.jpg,1
pexels-christina-morillo-1181534.jpg,1
pexels-andrea-piacquadio-842554.jpg,1
pexels-andrea-piacquadio-716411.jpg,1
pexels-andrea-piacquadio-3756937.jpg,1
pexels-christina-morillo-1181414.jpg,1
pexels-andrea-piacquadio-3799205.jpg,1
pexels-ketut-subiyanto-4560167.jpg,1
pexels-ketut-subiyanto-4559742.jpg,1
pexels-uriel-mont-6280660.jpg,1
pexels-andrea-piacquadio-3769007.jpg,1
pexels-andrea-piacquadio-3755689.jpg,1
pexels-andrea-piacquadio-3839114.jpg,1
pexels-ksenia-chernaya-3951790.jpg,1
pexels-anna-shvets-4226269.jpg,1
pexels-ksenia-chernaya-3951790.jpg,1
pexels-ivan-samkov-7621012.jpg,1
pexels-gustavo-fring-4173116.jpg,1
pexels-sora-shimazaki-5935744.jpg,1
pexels-andrea-piacquadio-3783725.jpg,1
pexels-andrea-piacquadio-3783826.jpg,1
pexels-andrea-piacquadio-3762806.jpg,1
pexels-marcus-aurelius-4064227.jpg,1
pexels-freestocksorg-291762.jpg,1
pexels-antoni-shkraba-5244066.jpg,1
pexels-andrea-piacquadio-972995.jpg,1
pexels-ali-pazani-2832465.jpg,1
pexels-andrea-piacquadio-994197.jpg,1
pexels-andrea-piacquadio-919453.jpg,1
pexels-andrea-piacquadio-3776166.jpg,1
pexels-redrecords-©️-4127124.jpg,1
pexels-david-gomes-4048805.jpg,1
pexels-kay-brem-4112327.jpg,1
pexels-flávio-santos-4664520.jpg,1
pexels-evg-kowalievska-1126993.jpg,1
pexels-andrea-piacquadio-845434.jpg,1
pexels-mentatdgt-1143793.jpg,1
pexels-gift-habeshaw-2919734.jpg,1
pexels-mentatdgt-1485781.jpg,1
pexels-godisable-jacob-949670.jpg,1
pexels-julia-avamotive-1034859.jpg,1
pexels-tima-miroshnichenko-7936441.jpg,1
pexels-cottonbro-7016509.jpg,1
pexels-elina-fairytale-3822365.jpg,1
pexels-pavel-danilyuk-7119170.jpg,1
pexels-justin-luck-5707144.jpg,1
pexels-the-lazy-artist-gallery-999267.jpg,1
pexels-sora-shimazaki-5668868.jpg,1
pexels-ono-kosuki-5647558.jpg,1
pexels-ono-kosuki-5648403.jpg,1
pexels-sora-shimazaki-5668878.jpg,1
pexels-nicola-barts-7925884.jpg,1
pexels-nicola-barts-7925875.jpg,1
pexels-gustavo-fring-3873743.jpg,1
pexels-ono-kosuki-5647568.jpg,1
pexels-sora-shimazaki-5673465.jpg,1
pexels-martin-kirigua-1721524.jpg,1
pexels-andrea-piacquadio-3932542.jpg,1
pexels-andrea-piacquadio-3932445.jpg,1
pexels-joshua-mcknight-1139317.jpg,1
pexels-laura-james-6098051.jpg,1
pexels-christina-morillo-1181398.jpg,1
pexels-christina-morillo-1181327.jpg,1
pexels-ekaterina-bolovtsova-4049630.jpg,1
pexels-andrea-piacquadio-3760812.jpg,1
pexels-andrea-piacquadio-3885777.jpg,1
pexels-andrea-piacquadio-3760784.jpg,1
pexels-andrea-piacquadio-3907418.jpg,1
pexels-max-fischer-5212320.jpg,1
pexels-andrea-piacquadio-3771074.jpg,1
pexels-karolina-grabowska-6256075.jpg,1
pexels-max-fischer-5212334.jpg,1
pexels-anastasiya-gepp-1462630.jpg,1
pexels-armin-rimoldi-5553635.jpg,1
pexels-armin-rimoldi-5553974.jpg,1
pexels-armin-rimoldi-5554268.jpg,1
pexels-george-dolgikh-giftpunditscom-1326946.jpg,1
pexels-cottonbro-4855552.jpg,1
pexels-cottonbro-4855419.jpg,1
pexels-cottonbro-4855435.jpg,1
pexels-olia-danilevich-5088179.jpg,1
pexels-joshua-mcknight-1139311.jpg,1
pexels-andrea-piacquadio-3768126.jpg,1
pexels-pixabay-207569.jpg,1
pexels-filipe-sabino-2065490.jpg,1
pexels-yaroslav-shuraev-9490502.jpg,1
pexels-julia-m-cameron-4144096.jpg,1
pexels-julia-m-cameron-4144227.jpg,1
pexels-andrea-piacquadio-3784317.jpg,1
pexels-mart-production-8471846.jpg,1
pexels-george-milton-7034501.jpg,1
pexels-mentatdgt-936583.jpg,1
pexels-rahul-shah-899357.jpg,1
pexels-atef-khaled-1804666.jpg,1
pexels-anna-tarazevich-8229231.jpg,1
pexels-polina-tankilevitch-6929154.jpg,1
pexels-being-momentx-9380904.jpg,1
pexels-werner-pfennig-6477483.jpg,1
pexels-werner-pfennig-6477852.jpg,1
pexels-being-momentx-9380924.jpg,1
pexels-ila-bappa-ibrahim-7427435.jpg,1
pexels-werner-pfennig-6476008.jpg,1
pexels-rodnae-productions-6529828.jpg,1
pexels-mikhail-nilov-9301873.jpg,1
pexels-kampus-production-7964689.jpg,1
pexels-yan-krukov-7794036.jpg,1
pexels-diva-plavalaguna-6150585.jpg,1
pexels-shvets-production-6974923.jpg,1
pexels-steve-johnson-1000366.jpg,0
pexels-karolina-grabowska-4033322.jpg,0
pexels-alex-green-5699515.jpg,0
pexels-adam-fejes-4668244.jpg,0
pexels-erik-mclean-6654177.jpg,0
pexels-brett-sayles-4321026.jpg,0
pexels-setu-chhaya-9224489.jpg,0
pexels-honey-valdez-9972480.jpg,0
pexels-pixabay-260689.jpg,0
pexels-pixabay-159805.jpg,0
pexels-max-vakhtbovych-6180740.jpg,0
pexels-vlada-karpovich-4050318.jpg,0
pexels-ksenia-chernaya-3952034.jpg,0
pexels-max-vakhtbovych-6585599.jpg,0
pexels-max-vakhtbovych-6636320.jpg,0
pexels-dsd-689784.jpg,0
pexels-naushil-ansari-638738.jpg,0
pexels-roxanne-shewchuk-2183784.jpg,0
pexels-dave-ang-3660892.jpg,0
pexels-rachel-claire-4577836.jpg,0
pexels-rachel-claire-4577544.jpg,0
pexels-burst-374870.jpg,0
pexels-essow-936722.jpg,0
pexels-erik-mclean-4061949.jpg,0
pexels-matteus-silva-5994406.jpg,0
pexels-arthouse-studio-4534200.jpg,0
pexels-mirco-violent-blur-4072840.jpg,0
pexels-jacob-colvin-1757363.jpg,0
pexels-sami-anas-5137664.jpg,0
pexels-tara-winstead-8406979.jpg,0
pexels-tirachard-kumtanom-347141.jpg,0
pexels-lisa-fotios-3813470.jpg,0
pexels-erik-mclean-7475561.jpg,0
pexels-gabriela-palai-507410.jpg,0
pexels-jaime-reimer-2662116.jpg,0
pexels-mads-thomsen-2739013.jpg,0
pexels-pascal-renet-1089307.jpg,0
pexels-spencer-davis-4388217.jpg,0
pexels-andrew-neel-7932264.jpg,0
pexels-pnw-production-8251487.jpg,0
pexels-ekrulila-8167312.jpg,0
pexels-jean-van-der-meulen-1454806.jpg,0
pexels-curtis-adams-3773575.jpg,0
pexels-vecislavas-popa-1743229.jpg,0
pexels-huỳnh-đạt-2251206.jpg,0
pexels-vecislavas-popa-1571458.jpg,0
pexels-pixabay-275484.jpg,0
pexels-felipe-hueb-2747901.jpg,0
pexels-brett-sayles-1656564.jpg,0
pexels-freestocksorg-257909.jpg,0
pexels-picjumbocom-196648.jpg,0
pexels-brett-sayles-921259.jpg,0
pexels-studio-art-smile-3476860.jpg,0
pexels-ekaterina-bolovtsova-5662294.jpg,0
pexels-jessica-lewis-creative-593332.jpg,0
pexels-engin-akyurt-2347304.jpg,0
pexels-engin-akyurt-2347313.jpg,0
pexels-photomix-company-235294.jpg,0
pexels-lisa-fotios-1279330.jpg,0
pexels-daria-shevtsova-1095550.jpg,0
pexels-eneida-nieves-905847.jpg,0
pexels-chokniti-khongchum-2280549.jpg,0
pexels-neosiam-594452.jpg,0
pexels-essow-1042143.jpg,0
pexels-pixabay-459653.jpg,0
pexels-mateusz-dach-450035.jpg,0
pexels-pixabay-259165.jpg,0
pexels-steve-johnson-1006060.jpg,0
pexels-michael-steinberg-366551.jpg,0
pexels-iconcom-479333.jpg,0
pexels-lj-2085832.jpg,0
pexels-brett-sayles-1075769.jpg,0
pexels-pixabay-40875.jpg,0
pexels-pixabay-35051.jpg,0
pexels-pixabay-33043.jpg,0
pexels-jimmy-chan-2454800.jpg,0
pexels-lukas-574058.jpg,0
pexels-crisdip-128756.jpg,0
pexels-fahad-alani-1677116.jpg,0
pexels-kelly-l-3311091.jpg,0
pexels-alexas-fotos-7085353.jpg,0
pexels-patrice-schoefolt-3749012.jpg,0
pexels-frans-van-heerden-1570248.jpg,0
pexels-patrice-schoefolt-3880184.jpg,0
pexels-marko-blazevic-774731.jpg,0
pexels-danielle-daniel-479009.jpg,0
pexels-arminas-raudys-808941.jpg,0
pexels-lisa-fotios-918327.jpg,0
pexels-pixabay-235990.jpg,0
pexels-pixabay-65647.jpg,0
pexels-guduru-ajay-bhargav-939719.jpg,0
pexels-pixabay-270288.jpg,0
pexels-daian-gan-102127.jpg,0
pexels-pixabay-255514.jpg,0
pexels-magda-ehlers-1319572.jpg,0
pexels-miguel-á-padriñán-194094.jpg,0
pexels-nubia-navarro-(nubikini)-981588.jpg,0
pexels-louis-1200450.jpg,0
pexels-stephan-streuders-3767825.jpg,0
pexels-knelstrom-ltd-67654.jpg,0
pexels-sourav-mishra-1149831.jpg,0
pexels-mike-452099.jpg,0
pexels-kelson-downes-1149137.jpg,0
pexels-pixabay-326259.jpg,0
pexels-elviss-railijs-bitāns-1210622.jpg,0
pexels-vincent-gerbouin-1179156.jpg,0
pexels-tholaal-mohamed-7903812.jpg,0
pexels-evelina-zhu-5693877.jpg,0
pexels-thgusstavo-santana-2387624.jpg,0
pexels-antony-trivet-9982625.jpg,0
pexels-yoshi-10054994.jpg,0
pexels-antony-trivet-9978760.jpg,0
pexels-valeria-boltneva-1123260.jpg,0
pexels-adonyi-gábor-1407857.jpg,0
pexels-math-21393.jpg,0
pexels-stanislav-kondratiev-3014826.jpg,0
pexels-pixabay-60619.jpg,0
pexels-alexander-grigorian-7397149.jpg,0
pexels-max-vakhtbovych-7534288.jpg,0
pexels-francesco-ungaro-1238352.jpg,0
pexels-pixabay-33535.jpg,0
pexels-francesco-ungaro-1344687.jpg,0
pexels-mikhail-nilov-7709932.jpg,0
pexels-ylanite-koppens-1809344.jpg,0
pexels-valeria-boltneva-1251397.jpg,0
pexels-rachel-claire-5490778.jpg,0
pexels-pixabay-269138.jpg,0
pexels-minamarie-michell-570041.jpg,0
pexels-pixabay-414083.jpg,0
pexels-pixabay-357514.jpg,0
pexels-lukas-590037.jpg,0
pexels-pixabay-272980.jpg,0
pexels-thirdman-8470830.jpg,0
pexels-ryan-baker-129574.jpg,0
pexels-dids-1576200.jpg,0
pexels-iconcom-479490.jpg,0
pexels-burak-kebapci-186461.jpg,0
pexels-siegfried-poepperl-7551105.jpg,0
pexels-max-vakhtbovych-7018401.jpg,0
pexels-james-frid-1097016.jpg,0
pexels-charl-durand-6491627.jpg,0
pexels-thanh-nguyễn-1438516.jpg,0
pexels-quang-nguyen-vinh-2583164.jpg,0
pexels-maksim-goncharenok-4354627.jpg,0
pexels-sander-dalhuisen-2566027.jpg,0
pexels-ksenia-chernaya-3965543.jpg,0
pexels-anna-shvets-5760879.jpg,0
pexels-anton-h-145707.jpg,0
pexels-ilaria-122588.jpg,0
pexels-kaboompics-com-6077.jpg,0
pexels-khari-hayden-923167.jpg,0
pexels-max-vakhtbovych-5997993.jpg,0
pexels-pixabay-159293.jpg,0
pexels-wendy-wei-1662556.jpg,0
pexels-lorena-martínez-2320208.jpg,0
pexels-mark-plötz-2790396.jpg,0
pexels-olya-kobruseva-8177960.jpg,0
pexels-tanya-gorelova-3933207.jpg,0
pexels-rodnae-productions-10432609.jpg,0
pexels-joseph-fuller-5578363.jpg,0
pexels-erik-mclean-4700564.jpg,0
pexels-erik-mclean-4713883.jpg,0
pexels-nita-54300.jpg,0
pexels-marta-branco-1295572.jpg,0
pexels-foodie-factor-557659.jpg,0
pexels-pixabay-357743.jpg,0
pexels-cqfavocat-613508.jpg,0
pexels-nataliya-vaitkevich-6863525.jpg,0
pexels-pixabay-60575.jpg,0
pexels-pixabay-247763.jpg,0
pexels-tom-fisk-3186574.jpg,0
pexels-pixabay-274886.jpg,0
pexels-tanya-gorelova-3934192.jpg,0
pexels-max-vakhtbovych-7031619.jpg,0
pexels-max-vakhtbovych-6032418.jpg,0
pexels-max-vakhtbovych-7018850.jpg,0
pexels-mike-945443.jpg,0
pexels-nataliya-vaitkevich-5863397.jpg,0
pexels-thomas-plets-2180836.jpg,0
pexels-david-gonzales-2640604.jpg,0
pexels-antone-adi-2611095.jpg,0
pexels-rodnae-productions-7104274.jpg,0
pexels-pixabay-302428.jpg,0
pexels-annam-w-1057858.jpg,0
pexels-valeria-boltneva-1893555.jpg,0
pexels-dzenina-lukac-1583884.jpg,0
pexels-julia-sakelli-1342529.jpg,0
pexels-caio-67112.jpg,0
pexels-antoni-shkraba-6665039.jpg,0
pexels-nick-demou-1319460.jpg,0
pexels-anete-lusina-7256933.jpg,0
pexels-andrew-neel-11082557.jpg,0
pexels-tony-smith-3505699.jpg,0
pexels-cottonbro-4781425.jpg,0
pexels-helena-lopes-2009695.jpg,0
pexels-engin-akyurt-1493219.jpg,0
pexels-joão-jesus-2480072.jpg,0
pexels-mike-211761.jpg,0
pexels-max-vakhtbovych-7061669.jpg,0
pexels-max-vakhtbovych-7195851.jpg,0